{
    "name": "root",
    "gauges": {
        "PuzzleCaptcha.Policy.Entropy.mean": {
            "value": 0.5945630669593811,
            "min": 0.5945630669593811,
            "max": 1.417356252670288,
            "count": 203
        },
        "PuzzleCaptcha.Policy.Entropy.sum": {
            "value": 2957.951171875,
            "min": 2957.951171875,
            "max": 7098.1201171875,
            "count": 203
        },
        "PuzzleCaptcha.Environment.EpisodeLength.mean": {
            "value": 38.8,
            "min": 6.497005988023952,
            "max": 44.73394495412844,
            "count": 203
        },
        "PuzzleCaptcha.Environment.EpisodeLength.sum": {
            "value": 4850.0,
            "min": 4340.0,
            "max": 4931.0,
            "count": 203
        },
        "PuzzleCaptcha.Step.mean": {
            "value": 1014952.0,
            "min": 4996.0,
            "max": 1014952.0,
            "count": 203
        },
        "PuzzleCaptcha.Step.sum": {
            "value": 1014952.0,
            "min": 4996.0,
            "max": 1014952.0,
            "count": 203
        },
        "PuzzleCaptcha.Policy.ExtrinsicValueEstimate.mean": {
            "value": 14.426974296569824,
            "min": -0.7557588815689087,
            "max": 23.70561981201172,
            "count": 203
        },
        "PuzzleCaptcha.Policy.ExtrinsicValueEstimate.sum": {
            "value": 1803.371826171875,
            "min": -504.0911865234375,
            "max": 9268.8974609375,
            "count": 203
        },
        "PuzzleCaptcha.Environment.CumulativeReward.mean": {
            "value": 62.1175558757782,
            "min": 1.7225934103957896,
            "max": 69.58793302850985,
            "count": 203
        },
        "PuzzleCaptcha.Environment.CumulativeReward.sum": {
            "value": 7764.694484472275,
            "min": 1148.9698047339916,
            "max": 20043.555597305298,
            "count": 203
        },
        "PuzzleCaptcha.Policy.ExtrinsicReward.mean": {
            "value": 62.1175558757782,
            "min": 1.7225934103957896,
            "max": 69.58793302850985,
            "count": 203
        },
        "PuzzleCaptcha.Policy.ExtrinsicReward.sum": {
            "value": 7764.694484472275,
            "min": 1148.9698047339916,
            "max": 20043.555597305298,
            "count": 203
        },
        "PuzzleCaptcha.Losses.PolicyLoss.mean": {
            "value": 0.14103382869790762,
            "min": 0.1282669078704733,
            "max": 0.15631645884119885,
            "count": 203
        },
        "PuzzleCaptcha.Losses.PolicyLoss.sum": {
            "value": 0.28206765739581524,
            "min": 0.2565338157409466,
            "max": 0.45080232222809014,
            "count": 203
        },
        "PuzzleCaptcha.Losses.ValueLoss.mean": {
            "value": 248.5511872316018,
            "min": 61.231834314763546,
            "max": 291.19587534452097,
            "count": 203
        },
        "PuzzleCaptcha.Losses.ValueLoss.sum": {
            "value": 497.1023744632036,
            "min": 122.46366862952709,
            "max": 873.5876260335629,
            "count": 203
        },
        "PuzzleCaptcha.Policy.LearningRate.mean": {
            "value": 0.00017842486052506,
            "min": 0.00017842486052506,
            "max": 0.0002996307001231,
            "count": 203
        },
        "PuzzleCaptcha.Policy.LearningRate.sum": {
            "value": 0.00035684972105012,
            "min": 0.00035684972105012,
            "max": 0.0008955580814806398,
            "count": 203
        },
        "PuzzleCaptcha.Policy.Epsilon.mean": {
            "value": 0.15947494000000006,
            "min": 0.15947494000000006,
            "max": 0.19987690000000002,
            "count": 203
        },
        "PuzzleCaptcha.Policy.Epsilon.sum": {
            "value": 0.31894988000000013,
            "min": 0.31894988000000013,
            "max": 0.5985193600000001,
            "count": 203
        },
        "PuzzleCaptcha.Policy.Beta.mean": {
            "value": 0.002977799506000001,
            "min": 0.002977799506000001,
            "max": 0.00499385731,
            "count": 203
        },
        "PuzzleCaptcha.Policy.Beta.sum": {
            "value": 0.005955599012000002,
            "min": 0.005955599012000002,
            "max": 0.014926116064,
            "count": 203
        },
        "PuzzleCaptcha.IsTraining.mean": {
            "value": 1.0,
            "min": 1.0,
            "max": 1.0,
            "count": 203
        },
        "PuzzleCaptcha.IsTraining.sum": {
            "value": 1.0,
            "min": 1.0,
            "max": 1.0,
            "count": 203
        }
    },
    "metadata": {
        "timer_format_version": "0.1.0",
        "start_time_seconds": "1641454487",
        "python_version": "3.9.6 (tags/v3.9.6:db3ff76, Jun 28 2021, 15:26:21) [MSC v.1929 64 bit (AMD64)]",
        "command_line_arguments": "C:\\Users\\jun12\\Desktop\\kenkyu\\PuzzleCaptchaML\\ml_env\\Scripts\\mlagents-learn .\\config\\PuzzleCaptcha.yaml --run-id=PuzzleCaptcha --force",
        "mlagents_version": "0.27.0",
        "mlagents_envs_version": "0.27.0",
        "communication_protocol_version": "1.5.0",
        "pytorch_version": "1.9.0+cpu",
        "numpy_version": "1.19.5",
        "end_time_seconds": "1641460590"
    },
    "total": 6103.2443253,
    "count": 1,
    "self": 0.0058407000005900045,
    "children": {
        "run_training.setup": {
            "total": 0.10261349999999991,
            "count": 1,
            "self": 0.10261349999999991
        },
        "TrainerController.start_learning": {
            "total": 6103.135871099999,
            "count": 1,
            "self": 20.346971099943403,
            "children": {
                "TrainerController._reset_env": {
                    "total": 7.681937100000001,
                    "count": 1,
                    "self": 7.681937100000001
                },
                "TrainerController.advance": {
                    "total": 6075.044137000055,
                    "count": 1040138,
                    "self": 16.94065299993872,
                    "children": {
                        "env_step": {
                            "total": 5416.704944900214,
                            "count": 1040138,
                            "self": 4307.063732300513,
                            "children": {
                                "SubprocessEnvManager._take_step": {
                                    "total": 1096.7990820995358,
                                    "count": 1040138,
                                    "self": 46.383259399130566,
                                    "children": {
                                        "TorchPolicy.evaluate": {
                                            "total": 1050.4158227004052,
                                            "count": 1015831,
                                            "self": 272.8653103004799,
                                            "children": {
                                                "TorchPolicy.sample_actions": {
                                                    "total": 777.5505123999253,
                                                    "count": 1015831,
                                                    "self": 777.5505123999253
                                                }
                                            }
                                        }
                                    }
                                },
                                "workers": {
                                    "total": 12.842130500165636,
                                    "count": 1040137,