{
    "name": "root",
    "gauges": {
        "PuzzleCaptcha.Policy.Entropy.mean": {
            "value": -0.7562695741653442,
            "min": -0.7562695741653442,
            "max": -0.7546063661575317,
            "count": 15
        },
        "PuzzleCaptcha.Policy.Entropy.sum": {
            "value": -3792.69189453125,
            "min": -3792.69189453125,
            "max": -293.5418701171875,
            "count": 15
        },
        "PuzzleCaptcha.Environment.EpisodeLength.mean": {
            "value": 17.643122676579925,
            "min": 17.204379562043794,
            "max": 18.45,
            "count": 15
        },
        "PuzzleCaptcha.Environment.EpisodeLength.sum": {
            "value": 4746.0,
            "min": 369.0,
            "max": 4746.0,
            "count": 15
        },
        "PuzzleCaptcha.Step.mean": {
            "value": 2499997.0,
            "min": 2429988.0,
            "max": 2499997.0,
            "count": 15
        },
        "PuzzleCaptcha.Step.sum": {
            "value": 2499997.0,
            "min": 2429988.0,
            "max": 2499997.0,
            "count": 15
        },
        "PuzzleCaptcha.Policy.ExtrinsicValueEstimate.mean": {
            "value": 27.801837921142578,
            "min": 26.044044494628906,
            "max": 29.488971710205078,
            "count": 15
        },
        "PuzzleCaptcha.Policy.ExtrinsicValueEstimate.sum": {
            "value": 7478.6943359375,
            "min": 494.83685302734375,
            "max": 8079.97802734375,
            "count": 15
        },
        "PuzzleCaptcha.Environment.CumulativeReward.mean": {
            "value": 41.45965517586492,
            "min": 40.63683098240902,
            "max": 43.610991927730296,
            "count": 15
        },
        "PuzzleCaptcha.Environment.CumulativeReward.sum": {
            "value": 11152.647242307663,
            "min": 772.0997886657715,
            "max": 11905.80079627037,
            "count": 15
        },
        "PuzzleCaptcha.Policy.ExtrinsicReward.mean": {
            "value": 41.45965517586492,
            "min": 40.63683098240902,
            "max": 43.610991927730296,
            "count": 15
        },
        "PuzzleCaptcha.Policy.ExtrinsicReward.sum": {
            "value": 11152.647242307663,
            "min": 772.0997886657715,
            "max": 11905.80079627037,
            "count": 15
        },
        "PuzzleCaptcha.IsTraining.mean": {
            "value": 1.0,
            "min": 1.0,
            "max": 1.0,
            "count": 15
        },
        "PuzzleCaptcha.IsTraining.sum": {
            "value": 1.0,
            "min": 1.0,
            "max": 1.0,
            "count": 15
        },
        "PuzzleCaptcha.Losses.PolicyLoss.mean": {
            "value": 0.06666745077818632,
            "min": 0.0647327384314849,
            "max": 0.08124468374612662,
            "count": 14
        },
        "PuzzleCaptcha.Losses.PolicyLoss.sum": {
            "value": 0.20000235233455896,
            "min": 0.1294654768629698,
            "max": 0.21316978031682082,
            "count": 14
        },
        "PuzzleCaptcha.Losses.ValueLoss.mean": {
            "value": 25.363258866469067,
            "min": 22.691692548990247,
            "max": 27.53286248445511,
            "count": 14
        },
        "PuzzleCaptcha.Losses.ValueLoss.sum": {
            "value": 76.0897765994072,
            "min": 45.383385097980494,
            "max": 80.51407096385955,
            "count": 14
        },
        "PuzzleCaptcha.Policy.LearningRate.mean": {
            "value": 4.835665699733394e-07,
            "min": 4.835665699733394e-07,
            "max": 1.3460297307960004e-05,
            "count": 14
        },
        "PuzzleCaptcha.Policy.LearningRate.sum": {
            "value": 1.4506997099200182e-06,
            "min": 1.4506997099200182e-06,
            "max": 3.730389253927999e-05,
            "count": 14
        },
        "PuzzleCaptcha.Policy.Epsilon.mean": {
            "value": 0.10019338666666666,
            "min": 0.10019338666666666,
            "max": 0.10538407999999999,
            "count": 14
        },
        "PuzzleCaptcha.Policy.Epsilon.sum": {
            "value": 0.30058016,
            "min": 0.20120951999999998,
            "max": 0.31492144,
            "count": 14
        },
        "PuzzleCaptcha.Policy.Beta.mean": {
            "value": 1.4824997333333395e-05,
            "min": 1.4824997333333395e-05,
            "max": 0.00014433279600000004,
            "count": 14
        },
        "PuzzleCaptcha.Policy.Beta.sum": {
            "value": 4.4474992000000185e-05,
            "min": 4.4474992000000185e-05,
            "max": 0.000402289928,
            "count": 14
        }
    },
    "metadata": {
        "timer_format_version": "0.1.0",
        "start_time_seconds": "1642205628",
        "python_version": "3.9.6 (tags/v3.9.6:db3ff76, Jun 28 2021, 15:26:21) [MSC v.1929 64 bit (AMD64)]",
        "command_line_arguments": "C:\\Users\\jun12\\Desktop\\kenkyu\\PuzzleCaptchaML\\ml_env\\Scripts\\mlagents-learn .\\config\\PuzzleCaptcha.yaml --run-id=PuzzleCaptcha --resume",
        "mlagents_version": "0.27.0",
        "mlagents_envs_version": "0.27.0",
        "communication_protocol_version": "1.5.0",
        "pytorch_version": "1.9.0+cpu",
        "numpy_version": "1.19.5",
        "end_time_seconds": "1642206136"
    },
    "total": 507.7233255,
    "count": 1,
    "self": 0.008010100000035436,
    "children": {
        "run_training.setup": {
            "total": 0.13719659999999978,
            "count": 1,
            "self": 0.13719659999999978
        },
        "TrainerController.start_learning": {
            "total": 507.57811879999997,
            "count": 1,
            "self": 1.6685681999952067,
            "children": {
                "TrainerController._reset_env": {
                    "total": 19.9954133,
                    "count": 1,
                    "self": 19.9954133
                },
                "TrainerController.advance": {
                    "total": 485.8535984000048,
                    "count": 73410,
                    "self": 1.3609872999993513,
                    "children": {
                        "env_step": {
                            "total": 438.9052034000074,
                            "count": 73410,
                            "self": 352.02668700000663,
                            "children": {
                                "SubprocessEnvManager._take_step": {
                                    "total": 85.84836959999743,
                                    "count": 73410,
                                    "self": 3.8995414000036277,
                                    "children": {
                                        "TorchPolicy.evaluate": {
                                            "total": 81.9488281999938,
                                            "count": 70401,
                                            "self": 22.017899899993687,
                                            "children": {
                                                "TorchPolicy.sample_actions": {
                                                    "total": 59.93092830000011,
                                                    "count": 70401,
                                                    "self": 59.93092830000011
                                                }
                                            }
                                        }
                                    }
                                },
                                "workers": {
                                    "total": 1.0301468000033722,
                                    "count": 73410,